,f1-score,precision,recall,support,roc,accuracy
a17-29,0.4524590163934426,0.511685393258427,0.4055209260908281,22460.0,0.7519347438030275,0.5481587329290109
a31-42,0.5042472385701446,0.5076025098497009,0.5009360329483598,34721.0,0.6467428165875968,0.5481587329290109
a43-80,0.6410277170539498,0.599631415515892,0.6885635599362226,34495.0,0.7834430734907264,0.5481587329290109
micro avg,0.5481587329290109,0.5481587329290109,0.5481587329290109,91676.0,0.7273818949752457,0.5481587329290109
macro avg,0.5325779906725123,0.5396397728746734,0.5316735063251369,91676.0,0.7273818949752457,0.5481587329290109
weighted avg,0.5430259716650673,0.5432305767626907,0.5481587329290109,91676.0,0.7273818949752457,0.5481587329290109
