,f1-score,precision,recall,support,accuracy
a0-23,0.45522388059701496,0.4326241134751773,0.48031496062992124,127.0,0.4161849710982659
a24-30,0.3786008230452675,0.37398373983739835,0.38333333333333336,120.0,0.4161849710982659
a31-99,0.4088397790055249,0.45121951219512196,0.37373737373737376,99.0,0.4161849710982659
micro avg,0.4161849710982659,0.4161849710982659,0.4161849710982659,346.0,0.4161849710982659
macro avg,0.41422149421593574,0.4192757885025659,0.41246188923354277,346.0,0.4161849710982659
weighted avg,0.41537765815838135,0.4176070604021746,0.4161849710982659,346.0,0.4161849710982659
