,f1-score,precision,recall,support,accuracy
a18-20,0.3404255319148936,0.3146067415730337,0.3708609271523179,151.0,0.3487858719646799
a23-25,0.2777777777777778,0.3465346534653465,0.23178807947019867,151.0,0.3487858719646799
a28-61,0.4123076923076923,0.3850574712643678,0.44370860927152317,151.0,0.3487858719646799
macro avg,0.34350366733345455,0.3487329554342493,0.3487858719646799,453.0,0.3487858719646799
micro avg,0.3487858719646799,0.3487858719646799,0.3487858719646799,453.0,0.3487858719646799
weighted avg,0.34350366733345455,0.3487329554342493,0.3487858719646799,453.0,0.3487858719646799
