,f1-score,precision,recall,support,accuracy
academic,0.48821248952221297,0.5203528951923614,0.4598115162579563,20267.0,0.45022696995115213
private,0.33764414268778964,0.37189150691435696,0.30917254650416937,20267.0,0.45022696995115213
public,0.4808748528834837,0.4779451186820685,0.48384072630384367,20267.0,0.45022696995115213
self,0.4823273990447242,0.43065948125460396,0.5480830907386391,20267.0,0.45022696995115213
micro avg,0.45022696995115213,0.45022696995115213,0.45022696995115213,81068.0,0.45022696995115213
macro avg,0.4472647210345526,0.4502122505108477,0.45022696995115213,81068.0,0.45022696995115213
weighted avg,0.44726472103455267,0.4502122505108477,0.45022696995115213,81068.0,0.45022696995115213
