,f1-score,precision,recall,support,accuracy
CO,0.17857142857142858,0.2280130293159609,0.14675052410901468,477.0,0.2842767295597484
N,0.37215713301171605,0.27720739219712526,0.5660377358490566,477.0,0.2842767295597484
NE,0.16401468788249696,0.19705882352941176,0.14046121593291405,477.0,0.2842767295597484
S,0.17848970251716245,0.1964735516372796,0.16352201257861634,477.0,0.2842767295597484
SE,0.45734597156398105,0.5258855585831063,0.40461215932914046,477.0,0.2842767295597484
micro avg,0.2842767295597484,0.2842767295597484,0.2842767295597484,2385.0,0.2842767295597484
macro avg,0.27011578470935704,0.28492767105257677,0.2842767295597485,2385.0,0.2842767295597484
weighted avg,0.270115784709357,0.2849276710525768,0.2842767295597484,2385.0,0.2842767295597484
