,f1-score,precision,recall,support,accuracy
CO,0.30219536467513153,0.29648974214191604,0.3081248930291694,40899.0,0.37094794493752903
N,0.3440370734908137,0.2962374419549058,0.41023007897503605,40899.0,0.37094794493752903
NE,0.2089660816586342,0.40785176771262244,0.1404679821022519,40899.0,0.37094794493752903
S,0.1564030446669158,0.3998390989541432,0.09721509083351672,40899.0,0.37094794493752903
SE,0.6014579907218772,0.45196989818503763,0.8987016797476711,40899.0,0.37094794493752903
macro avg,0.3226119110426745,0.37047758978972495,0.3709479449375291,204495.0,0.37094794493752903
micro avg,0.37094794493752903,0.37094794493752903,0.37094794493752903,204495.0,0.37094794493752903
weighted avg,0.3226119110426745,0.37047758978972506,0.37094794493752903,204495.0,0.37094794493752903
