,f1-score,precision,recall,support,accuracy
a17-30,0.3530627098349494,0.513943950786056,0.26889103458141117,27963.0,0.4489991236566579
a31-42,0.2570903608781682,0.3890909090909091,0.19196538502128258,28427.0,0.4489991236566579
a43-99,0.5873782563940139,0.4471060290344246,0.8559042658403112,30334.0,0.4489991236566579
macro avg,0.3991771090357105,0.45004696297046326,0.43892022848100165,86724.0,0.4489991236566579
micro avg,0.44899912365665795,0.4489991236566579,0.4489991236566579,86724.0,0.4489991236566579
weighted avg,0.40356224658980666,0.4496404254103592,0.4489991236566579,86724.0,0.4489991236566579
