,f1-score,precision,recall,support,accuracy
r12,0.6972477064220184,0.5823754789272031,0.8685714285714285,175.0,0.5596590909090909
r3,0.04395604395604395,0.16666666666666666,0.02531645569620253,79.0,0.5596590909090909
r45,0.4858757062146893,0.5443037974683544,0.4387755102040816,98.0,0.5596590909090909
micro avg,0.5596590909090909,0.5596590909090909,0.5596590909090909,352.0,0.5596590909090909
macro avg,0.4090264855309172,0.43111531435407474,0.4442211314905709,352.0,0.5596590909090909
weighted avg,0.4917803843903984,0.47847769213302827,0.5596590909090909,352.0,0.5596590909090909
