,f1-score,precision,recall,support,accuracy
academy,0.583792479388699,0.5622869538270839,0.6070084469348499,11957.0,0.5363385464581417
private,0.486615515771526,0.4962183778144832,0.4773772685456218,11957.0,0.5363385464581417
public,0.5874114992608729,0.5491308458797003,0.6314292882830141,11957.0,0.5363385464581417
self,0.4750057803468208,0.5312370707488622,0.42953918206908087,11957.0,0.5363385464581417
micro avg,0.5363385464581417,0.5363385464581417,0.5363385464581417,47828.0,0.5363385464581417
macro avg,0.5332063186919797,0.5347183120675324,0.5363385464581417,47828.0,0.5363385464581417
weighted avg,0.5332063186919798,0.5347183120675324,0.5363385464581417,47828.0,0.5363385464581417
