,f1-score,precision,recall,support,accuracy
Feminino,0.7163763066202092,0.6310620012277471,0.8283642224012893,1241.0,0.6720386784850927
Masculino,0.6112702960840497,0.7502930832356389,0.515713134568896,1241.0,0.6720386784850927
micro avg,0.6720386784850927,0.6720386784850927,0.6720386784850927,2482.0,0.6720386784850927
macro avg,0.6638233013521295,0.6906775422316931,0.6720386784850927,2482.0,0.6720386784850927
weighted avg,0.6638233013521295,0.690677542231693,0.6720386784850927,2482.0,0.6720386784850927
