,f1-score,precision,recall,support,accuracy
female,0.6788127300684964,0.723157110945644,0.6395925714536594,22777.0,0.697370154102823
male,0.7139003029925705,0.6769254988389941,0.7551477367519867,22777.0,0.697370154102823
micro avg,0.697370154102823,0.697370154102823,0.697370154102823,45554.0,0.697370154102823
macro avg,0.6963565165305334,0.7000413048923191,0.697370154102823,45554.0,0.697370154102823
weighted avg,0.6963565165305334,0.7000413048923191,0.697370154102823,45554.0,0.697370154102823
