,f1-score,precision,recall,support,accuracy
a17-30,0.5452984386427958,0.5266584766584766,0.5653062570053405,30334.0,0.5219335838772774
a31-42,0.3965450241989614,0.427130898021309,0.3700468121579745,30334.0,0.5219335838772774
a43-99,0.6120071684587813,0.5946147627635098,0.6304476824685171,30334.0,0.5219335838772774
micro avg,0.5219335838772774,0.5219335838772774,0.5219335838772774,91002.0,0.5219335838772774
macro avg,0.5179502104335129,0.5161347124810985,0.5219335838772774,91002.0,0.5219335838772774
weighted avg,0.5179502104335129,0.5161347124810984,0.5219335838772774,91002.0,0.5219335838772774
