,f1-score,precision,recall,support,accuracy
a17-29,0.0,0.0,0.0,22460.0,0.3787359832453423
a31-42,0.549395950853264,0.3787359832453423,1.0,34721.0,0.3787359832453423
a43-80,0.0,0.0,0.0,34495.0,0.3787359832453423
micro avg,0.37873598324534236,0.3787359832453423,0.3787359832453423,91676.0,0.3787359832453423
macro avg,0.18313198361775465,0.12624532774844743,0.3333333333333333,91676.0,0.3787359832453423
weighted avg,0.20807601563742067,0.14344094500481622,0.3787359832453423,91676.0,0.3787359832453423
