,f1-score,precision,recall,support,accuracy
no,0.6926713947990544,0.6425438596491229,0.7512820512820513,390.0,0.6666666666666666
yes,0.6358543417366948,0.7006172839506173,0.5820512820512821,390.0,0.6666666666666666
micro avg,0.6666666666666666,0.6666666666666666,0.6666666666666666,780.0,0.6666666666666666
macro avg,0.6642628682678746,0.6715805717998701,0.6666666666666667,780.0,0.6666666666666666
weighted avg,0.6642628682678745,0.6715805717998701,0.6666666666666666,780.0,0.6666666666666666
