,f1-score,precision,recall,support,accuracy
r12,0.608695652173913,0.8235294117647058,0.4827586206896552,29.0,0.4084507042253521
r3,0.42253521126760574,0.2777777777777778,0.8823529411764706,17.0,0.4084507042253521
r45,0.0,0.0,0.0,25.0,0.4084507042253521
micro avg,0.4084507042253521,0.4084507042253521,0.4084507042253521,71.0,0.4084507042253521
macro avg,0.3437436211471729,0.36710239651416127,0.4550371872887086,71.0,0.4084507042253521
weighted avg,0.3497925704872222,0.402881340329559,0.4084507042253521,71.0,0.4084507042253521
