,f1-score,precision,recall,support,accuracy
CO,0.002131546894031669,0.5185185185185185,0.0010679685712106186,13109.0,0.47220185168209733
N,0.0,0.0,0.0,5328.0,0.47220185168209733
NE,0.10078230374966281,0.3955950868276154,0.05774700136020774,16174.0,0.47220185168209733
S,0.0,0.0,0.0,11762.0,0.47220185168209733
SE,0.6401819005747995,0.4743178926535036,0.9844250470671655,40899.0,0.47220185168209733
macro avg,0.14861915024369882,0.2776862995999275,0.20864800339971676,87272.0,0.47220185168209733
micro avg,0.47220185168209733,0.47220185168209733,0.47220185168209733,87272.0,0.47220185168209733
weighted avg,0.3190117675851319,0.3734845275144921,0.47220185168209733,87272.0,0.47220185168209733
