,f1-score,precision,recall,support,accuracy
a17-30,0.5983156864800644,0.586651134105393,0.6104535082715346,14024.0,0.5817645940292832
a31-42,0.5359753608668224,0.5587620889748549,0.5149743297204792,14024.0,0.5817645940292832
a43-xx,0.608370074882777,0.597292840456232,0.6198659440958357,14024.0,0.5817645940292832
micro avg,0.5817645940292832,0.5817645940292832,0.5817645940292832,42072.0,0.5817645940292832
macro avg,0.5808870407432213,0.5809020211788267,0.5817645940292832,42072.0,0.5817645940292832
weighted avg,0.5808870407432213,0.5809020211788266,0.5817645940292832,42072.0,0.5817645940292832
