,f1-score,precision,recall,support,accuracy
Básico,0.32698094282848544,0.26247987117552335,0.43351063829787234,376.0,0.2579787234042553
Pós-graduado,0.264294790343075,0.25304136253041365,0.2765957446808511,376.0,0.2579787234042553
Superior Completo,0.28537735849056606,0.2563559322033898,0.32180851063829785,376.0,0.2579787234042553
Superior Incompleto,0.0,0.0,0.0,376.0,0.2579787234042553
micro avg,0.2579787234042553,0.2579787234042553,0.2579787234042553,1504.0,0.2579787234042553
macro avg,0.21916327291553162,0.1929692914773317,0.2579787234042553,1504.0,0.2579787234042553
weighted avg,0.21916327291553162,0.19296929147733172,0.2579787234042553,1504.0,0.2579787234042553
