,f1-score,precision,recall,support,roc,accuracy
N,0.37078651685393255,0.4647887323943662,0.308411214953271,107.0,0.3414215896424591,0.6553846153846153
S,0.7627118644067796,0.7086614173228346,0.8256880733944955,218.0,0.6585784103575409,0.6553846153846153
micro avg,0.6553846153846153,0.6553846153846153,0.6553846153846153,325.0,0.5050051444739775,0.6553846153846153
macro avg,0.5667491906303561,0.5867250748586004,0.5670496441738833,325.0,0.5050051444739775,0.6553846153846153
weighted avg,0.6336779807509192,0.628371025669462,0.6553846153846153,325.0,0.5050051444739775,0.6553846153846153
