,f1-score,precision,recall,support,accuracy
academic,0.43235566890795274,0.48905061631261476,0.3874402659463952,19252.0,0.39422469451592523
macro avg,0.3225159461121305,0.36820359522091206,0.3435853417819515,64897.0,0.39422469451592523
micro avg,0.39422469451592523,0.39422469451592523,0.39422469451592523,64897.0,0.39422469451592523
private,0.29609103672504244,0.32814675292768813,0.26974082800403903,14855.0,0.39422469451592523
public,0.48764650266692827,0.381894383906119,0.6743968026841664,20267.0,0.39422469451592523
self,0.07397057614859867,0.2737226277372263,0.042763470493205356,10523.0,0.39422469451592523
weighted avg,0.3603197024628064,0.38383991818258795,0.39422469451592523,64897.0,0.39422469451592523
