,f1-score,precision,recall,support,accuracy
a0-23,0.45,0.37305699481865284,0.5669291338582677,127.0,0.3901734104046243
a24-30,0.3829787234042554,0.391304347826087,0.375,120.0,0.3901734104046243
a31-99,0.2627737226277372,0.47368421052631576,0.18181818181818182,99.0,0.3901734104046243
macro avg,0.3652508153439975,0.4126818510570185,0.3745824385588165,346.0,0.3901734104046243
micro avg,0.3901734104046243,0.3901734104046243,0.3901734104046243,346.0,0.3901734104046243
weighted avg,0.37318510216374745,0.40817773677226765,0.3901734104046243,346.0,0.3901734104046243
