,f1-score,precision,recall,support,accuracy
10s,0.6511944845278179,0.7009837763203314,0.6080089820359281,133600.0,0.5847280439121757
20s,0.43085927681424824,0.5381200107632972,0.359251497005988,133600.0,0.5847280439121757
30s,0.6384698537628138,0.5371382735224393,0.7869236526946107,133600.0,0.5847280439121757
macro avg,0.5735078717016266,0.5920806868686893,0.5847280439121757,400800.0,0.5847280439121757
micro avg,0.5847280439121757,0.5847280439121757,0.5847280439121757,400800.0,0.5847280439121757
weighted avg,0.5735078717016266,0.5920806868686893,0.5847280439121757,400800.0,0.5847280439121757
