,f1-score,precision,recall,support,accuracy
10s,0.7450367325520378,0.7259473355300534,0.7651571856287425,133600.0,0.6392265469061876
20s,0.40090212255734614,0.550195243630095,0.31533682634730537,133600.0,0.6392265469061876
30s,0.7056366773602344,0.6098150076603076,0.837185628742515,133600.0,0.6392265469061876
macro avg,0.6171918441565394,0.628652528940152,0.6392265469061876,400800.0,0.6392265469061876
micro avg,0.6392265469061876,0.6392265469061876,0.6392265469061876,400800.0,0.6392265469061876
weighted avg,0.6171918441565395,0.628652528940152,0.6392265469061876,400800.0,0.6392265469061876
