,f1-score,precision,recall,support,roc,accuracy
a17-22,0.5561497326203207,0.5416666666666666,0.5714285714285714,91.0,0.734568288854003,0.46616541353383456
a25-29,0.41666666666666663,0.4,0.43478260869565216,92.0,0.5656546726636681,0.46616541353383456
a31-46,0.41830065359477125,0.45714285714285713,0.3855421686746988,83.0,0.6875370333794193,0.46616541353383456
micro avg,0.46616541353383456,0.46616541353383456,0.46616541353383456,266.0,0.6650881999120701,0.46616541353383456
macro avg,0.46370568429391956,0.4662698412698412,0.4639177829329741,266.0,0.6650881999120701,0.46616541353383456
weighted avg,0.46489441071484416,0.46629520229144295,0.46616541353383456,266.0,0.6650881999120701,0.46616541353383456
