,f1-score,precision,recall,support,roc,accuracy
Básico + Superior incompleto,0.46825396825396826,0.4609375,0.47580645161290325,124.0,0.614347616754935,0.40615384615384614
Pós-graduação andamento ou completo,0.4210526315789474,0.41904761904761906,0.4230769230769231,104.0,0.591933518969718,0.40615384615384614
Superior completo,0.3068783068783069,0.31521739130434784,0.29896907216494845,97.0,0.5050642069090251,0.40615384615384614
micro avg,0.4061538461538461,0.40615384615384614,0.40615384615384614,325.0,0.5725856660703391,0.40615384615384614
macro avg,0.39872830223707423,0.398400836783989,0.39928414895159164,325.0,0.5725856660703391,0.40615384615384614
weighted avg,0.40498511235353346,0.40404089026915113,0.40615384615384614,325.0,0.5725856660703391,0.40615384615384614
