,f1-score,precision,recall,support,accuracy
a0-23,0.40892193308550184,0.3873239436619718,0.4330708661417323,127.0,0.4015748031496063
a24-30,0.3568773234200744,0.3380281690140845,0.3779527559055118,127.0,0.4015748031496063
a31-99,0.44642857142857145,0.5154639175257731,0.3937007874015748,127.0,0.4015748031496063
micro avg,0.4015748031496063,0.4015748031496063,0.4015748031496063,381.0,0.4015748031496063
macro avg,0.40407594264471586,0.4136053434006098,0.4015748031496063,381.0,0.4015748031496063
weighted avg,0.4040759426447159,0.4136053434006098,0.4015748031496063,381.0,0.4015748031496063
