,f1-score,precision,recall,support,roc,accuracy
p12,0.6180257510729613,0.5950413223140496,0.6428571428571429,112.0,0.7585932260228035,0.556923076923077
p3,0.5632653061224491,0.5564516129032258,0.5702479338842975,121.0,0.6682466374979743,0.556923076923077
p45,0.46511627906976744,0.5,0.43478260869565216,92.0,0.6962586303414815,0.556923076923077
micro avg,0.556923076923077,0.556923076923077,0.556923076923077,325.0,0.7101472839558103,0.556923076923077
macro avg,0.548802445421726,0.5504976450724252,0.5492958951456975,325.0,0.7101472839558103,0.556923076923077
weighted avg,0.5543528733397126,0.5537700715706582,0.556923076923077,325.0,0.7101472839558103,0.556923076923077
