,f1-score,precision,recall,support,roc,accuracy
female,0.15401002011913686,0.7589424572317263,0.08570048733371384,22777.0,0.4439410781354226,0.5292400228300479
macro avg,0.41394748181248436,0.6372186577722542,0.5292400228300479,45554.0,0.5560589266834669,0.5292400228300479
male,0.6738849435058318,0.5154948583127821,0.9727795583263819,22777.0,0.5000026311136506,0.5292400228300479
micro avg,0.5292400228300479,0.5292400228300479,0.5292400228300479,45554.0,0.5000026311136506,0.5292400228300479
weighted avg,0.41394748181248436,0.6372186577722542,0.5292400228300479,45554.0,0.5000026311136506,0.5292400228300479
