,f1-score,precision,recall,support,accuracy
academy,0.6321023462992696,0.6348975132660494,0.6293316831683168,9696.0,0.5918153931957613
private,0.38552997723248167,0.40596696856686204,0.3670520231213873,4152.0,0.5918153931957613
public,0.6867258084297454,0.6717050543825975,0.7024337208329848,11957.0,0.5918153931957613
self,0.3342686776569625,0.33806314295849593,0.3305584460631287,2883.0,0.5918153931957613
micro avg,0.5918153931957613,0.5918153931957613,0.5918153931957613,28688.0,0.5918153931957613
macro avg,0.5096567024046148,0.5126581697935012,0.5073439682964543,28688.0,0.5918153931957613
weighted avg,0.5892520184141966,0.5872753248228976,0.5918153931957613,28688.0,0.5918153931957613
