,f1-score,precision,recall,support,accuracy
a0-23,0.32340425531914896,0.35185185185185186,0.2992125984251969,127.0,0.34908136482939633
a24-30,0.24186046511627904,0.29545454545454547,0.2047244094488189,127.0,0.34908136482939633
a31-99,0.44230769230769235,0.372972972972973,0.5433070866141733,127.0,0.34908136482939633
macro avg,0.3358574709143734,0.34009312342645676,0.3490813648293963,381.0,0.34908136482939633
micro avg,0.34908136482939633,0.34908136482939633,0.34908136482939633,381.0,0.34908136482939633
weighted avg,0.33585747091437346,0.34009312342645676,0.34908136482939633,381.0,0.34908136482939633
