,f1-score,precision,recall,support,accuracy
s012,0.4797047970479705,0.45774647887323944,0.5038759689922481,129.0,0.41040462427745666
s3,0.3402061855670104,0.3548387096774194,0.32673267326732675,101.0,0.41040462427745666
s4,0.3876651982378854,0.3963963963963964,0.3793103448275862,116.0,0.41040462427745666
micro avg,0.41040462427745666,0.41040462427745666,0.41040462427745666,346.0,0.41040462427745666
macro avg,0.4025253936176221,0.40299386164901835,0.40330632902905367,346.0,0.41040462427745666
weighted avg,0.40812689756373105,0.4071386920059226,0.41040462427745666,346.0,0.41040462427745666
