,f1-score,precision,recall,support,roc,accuracy
Acadêmico,0.541310797446732,0.5288073072193923,0.5544198895027624,21720.0,0.7418060844681191,0.47477461258291903
CLT,0.39589053774720023,0.40135118228449895,0.3905764899251233,16427.0,0.6992244223247934,0.47477461258291903
Empreendedor,0.2951370654343031,0.36441447283102063,0.24799223369517254,11331.0,0.7167415404775357,0.47477461258291903
Servidor público,0.5370221369478658,0.5056332556332557,0.5725660991597378,22731.0,0.7230249348044226,0.47477461258291903
micro avg,0.47477461258291903,0.47477461258291903,0.47477461258291903,72209.0,0.7202085888927927,0.47477461258291903
macro avg,0.4423401343940253,0.45005155449204187,0.44138867807069904,72209.0,0.7202085888927927,0.47477461258291903
weighted avg,0.46824928565018636,0.46672049896329393,0.47477461258291903,72209.0,0.7202085888927927,0.47477461258291903
