,f1-score,precision,recall,support,accuracy
r12,0.5466101694915255,0.43434343434343436,0.7371428571428571,175.0,0.4838095238095238
r3,0.21940928270042193,0.41935483870967744,0.14857142857142858,175.0,0.4838095238095238
r45,0.5806451612903226,0.5963855421686747,0.5657142857142857,175.0,0.4838095238095238
micro avg,0.4838095238095238,0.4838095238095238,0.4838095238095238,525.0,0.4838095238095238
macro avg,0.44888820449409,0.48336127174059546,0.48380952380952386,525.0,0.4838095238095238
weighted avg,0.44888820449409,0.4833612717405955,0.4838095238095238,525.0,0.4838095238095238
