,f1-score,precision,recall,support,accuracy
e01,0.5491738788355626,0.42200725513905685,0.786036036036036,444.0,0.44594594594594594
e2,0.3298662704309064,0.4847161572052402,0.25,444.0,0.44594594594594594
e34,0.3722222222222223,0.4855072463768116,0.30180180180180183,444.0,0.44594594594594594
micro avg,0.44594594594594594,0.44594594594594594,0.44594594594594594,1332.0,0.44594594594594594
macro avg,0.4170874571628971,0.4640768862403695,0.445945945945946,1332.0,0.44594594594594594
weighted avg,0.41708745716289714,0.4640768862403695,0.44594594594594594,1332.0,0.44594594594594594
