,f1-score,precision,recall,support,accuracy
a17-30,0.4194528875379939,0.4495114006514658,0.39316239316239315,351.0,0.4045584045584046
a31-42,0.38798498122653313,0.34598214285714285,0.4415954415954416,351.0,0.4045584045584046
a43-99,0.4098613251155624,0.4463087248322148,0.3789173789173789,351.0,0.4045584045584046
micro avg,0.4045584045584046,0.4045584045584046,0.4045584045584046,1053.0,0.4045584045584046
macro avg,0.40576639796002983,0.41393408944694116,0.4045584045584046,1053.0,0.4045584045584046
weighted avg,0.40576639796002983,0.41393408944694116,0.4045584045584046,1053.0,0.4045584045584046
