,f1-score,precision,recall,support,accuracy
CO,0.26300026568123075,0.2598372586918653,0.26624122839189224,40899.0,0.33218905107704344
N,0.30616338439095553,0.2867328423524389,0.32841878774542166,40899.0,0.33218905107704344
NE,0.24835769704178018,0.2858825776872134,0.21954082006895034,40899.0,0.33218905107704344
S,0.23447327544498486,0.2446138724331217,0.22513997897259103,40899.0,0.33218905107704344
SE,0.5804934296902649,0.5444829949456009,0.621604440206362,40899.0,0.33218905107704344
macro avg,0.3264976104498432,0.32430990922204805,0.33218905107704344,204495.0,0.33218905107704344
micro avg,0.33218905107704344,0.33218905107704344,0.33218905107704344,204495.0,0.33218905107704344
weighted avg,0.3264976104498432,0.32430990922204805,0.33218905107704344,204495.0,0.33218905107704344
