,f1-score,precision,recall,support,accuracy
a17-30,0.6049739326475976,0.5881506849315068,0.6227879315346678,13788.0,0.574205616926616
a31-42,0.5500918779860346,0.56757166691946,0.533656588705077,14024.0,0.574205616926616
a43-xx,0.5649659863945579,0.5643421387921516,0.5655912147782413,11747.0,0.574205616926616
micro avg,0.574205616926616,0.574205616926616,0.574205616926616,39559.0,0.574205616926616
macro avg,0.5733439323427301,0.5733548302143728,0.574011911672662,39559.0,0.574205616926616
weighted avg,0.5736374661239692,0.5737853283729499,0.574205616926616,39559.0,0.574205616926616
