,f1-score,precision,recall,support,roc,accuracy
Básico,0.3684210526315789,0.4476744186046512,0.3130081300813008,246.0,0.7110503968541169,0.4033412887828162
Pós-graduado,0.5146886016451233,0.4610526315789474,0.5824468085106383,376.0,0.6757100248750211,0.4033412887828162
Superior Completo,0.3790849673202614,0.3717948717948718,0.38666666666666666,375.0,0.556498866213152,0.4033412887828162
Superior Incompleto,0.27499999999999997,0.3,0.25384615384615383,260.0,0.6026907646014968,0.4033412887828162
micro avg,0.4033412887828162,0.4033412887828162,0.4033412887828162,1257.0,0.6369933797800035,0.4033412887828162
macro avg,0.3842986553992409,0.3951304804946176,0.3839919397761899,1257.0,0.6369933797800035,0.4033412887828162
weighted avg,0.3960313093962075,0.39849385312132485,0.4033412887828162,1257.0,0.6369933797800035,0.4033412887828162
