,f1-score,precision,recall,support,accuracy
10s,0.8113207547169812,0.8335469400833067,0.7902490886998785,6584.0,0.7413932766302147
20s,0.6860480552236825,0.6092902617307239,0.7849331713244229,6584.0,0.7413932766302147
30s,0.7359627971064415,0.8498408910103421,0.6489975698663426,6584.0,0.7413932766302147
macro avg,0.7444438690157017,0.7642260309414576,0.7413932766302147,19752.0,0.7413932766302147
micro avg,0.7413932766302147,0.7413932766302147,0.7413932766302147,19752.0,0.7413932766302147
weighted avg,0.7444438690157017,0.7642260309414575,0.7413932766302147,19752.0,0.7413932766302147
