,f1-score,precision,recall,support,roc,accuracy
r12,0.6869158878504672,0.5810276679841897,0.84,175.0,0.6849394673123487,0.5511363636363636
r3,0.043010752688172046,0.14285714285714285,0.02531645569620253,79.0,0.5318774052951268,0.5511363636363636
r45,0.4918032786885246,0.5294117647058824,0.45918367346938777,98.0,0.6949622368632492,0.5511363636363636
micro avg,0.5511363636363636,0.5511363636363636,0.5511363636363636,352.0,0.6395756624659077,0.5511363636363636
macro avg,0.4072433064090546,0.417765525182405,0.44150004305519674,352.0,0.6395756624659077,0.5511363636363636
weighted avg,0.4880819634877067,0.46831792364807945,0.5511363636363636,352.0,0.6395756624659077,0.5511363636363636
