,f1-score,precision,recall,support,accuracy
r12,0.6584766584766585,0.5775862068965517,0.7657142857142857,175.0,0.5340909090909091
r3,0.17857142857142858,0.30303030303030304,0.12658227848101267,79.0,0.5340909090909091
r45,0.4756756756756757,0.5057471264367817,0.4489795918367347,98.0,0.5340909090909091
micro avg,0.5340909090909091,0.5340909090909091,0.5340909090909091,352.0,0.5340909090909091
macro avg,0.4375745875745876,0.46212121212121215,0.44709205201067764,352.0,0.5340909090909091
weighted avg,0.4998771997351543,0.49596647311674746,0.5340909090909091,352.0,0.5340909090909091
