,f1-score,precision,recall,support,accuracy
academic,0.39762856748931474,0.45068133516689585,0.3557507277840825,20267.0,0.37611634677061234
macro avg,0.37246252929467816,0.37996185995647264,0.37611634677061234,81068.0,0.37611634677061234
micro avg,0.3761163467706123,0.37611634677061234,0.37611634677061234,81068.0,0.37611634677061234
private,0.29438757500882456,0.32731554160125587,0.2674791533033996,20267.0,0.37611634677061234
public,0.4200288330727528,0.3568766820785315,0.5103370010361672,20267.0,0.37611634677061234
self,0.37780514160782047,0.3849738809792072,0.3708985049588,20267.0,0.37611634677061234
weighted avg,0.3724625292946781,0.37996185995647264,0.37611634677061234,81068.0,0.37611634677061234
