,f1-score,precision,recall,support,accuracy
CO,0.28428581749873566,0.347523493252314,0.24051932810093157,40899.0,0.403437736863982
N,0.3953357487073059,0.30869165167474627,0.5495977896770092,40899.0,0.403437736863982
NE,0.29423665019995293,0.41025977433744426,0.2293699112447737,40899.0,0.403437736863982
S,0.2279296446820351,0.36728260869565216,0.1652363138463043,40899.0,0.403437736863982
SE,0.6610747051114023,0.5482079026181045,0.8324653414508912,40899.0,0.403437736863982
micro avg,0.403437736863982,0.403437736863982,0.403437736863982,204495.0,0.403437736863982
macro avg,0.3725725132398864,0.39639308611565227,0.403437736863982,204495.0,0.403437736863982
weighted avg,0.3725725132398864,0.39639308611565227,0.403437736863982,204495.0,0.403437736863982
