,f1-score,precision,recall,support,accuracy
Básico + Superior incompleto,0.15384615384615383,0.375,0.0967741935483871,124.0,0.3261538461538461
Pós-graduação andamento ou completo,0.473551637279597,0.32081911262798635,0.9038461538461539,104.0,0.3261538461538461
Superior completo,0.0,0.0,0.0,97.0,0.3261538461538461
micro avg,0.3261538461538461,0.3261538461538461,0.3261538461538461,325.0,0.3261538461538461
macro avg,0.20913259704191692,0.23193970420932877,0.3335401157981803,325.0,0.3261538461538461
weighted avg,0.21023474878154205,0.2457390391178787,0.3261538461538461,325.0,0.3261538461538461
