,f1-score,precision,recall,support,roc,accuracy
female,0.8912354804646252,0.8755186721991701,0.9075268817204301,465.0,0.057511520737327196,0.8736196319018404
male,0.849194729136164,0.8708708708708709,0.8285714285714286,350.0,0.9424884792626729,0.8736196319018404
micro avg,0.8736196319018404,0.8736196319018404,0.8736196319018404,815.0,0.5017373271889402,0.8736196319018404
macro avg,0.8702151048003945,0.8731947715350206,0.8680491551459293,815.0,0.5017373271889402,0.8736196319018404
weighted avg,0.8731811700781694,0.8735226838986735,0.8736196319018404,815.0,0.5017373271889402,0.8736196319018404
