,f1-score,precision,recall,support,accuracy
a17-30,0.464524905818334,0.49318568994889267,0.43901232939935386,30334.0,0.45867123799476933
a31-42,0.27956115400243803,0.39792998477929986,0.21546779191666118,30334.0,0.45867123799476933
a43-99,0.561860632276117,0.4600525486074619,0.721533592668293,30334.0,0.45867123799476933
macro avg,0.4353155640322964,0.45038940777855146,0.45867123799476933,91002.0,0.45867123799476933
micro avg,0.45867123799476933,0.45867123799476933,0.45867123799476933,91002.0,0.45867123799476933
weighted avg,0.4353155640322964,0.45038940777855146,0.45867123799476933,91002.0,0.45867123799476933
