,f1-score,precision,recall,support,accuracy
female,0.5932929650566297,0.5475271053022427,0.6474074724502787,22777.0,0.5561970408745665
macro avg,0.5524739179736154,0.5581315045359887,0.5561970408745665,45554.0,0.5561970408745665
male,0.5116548708906012,0.5687359037697347,0.4649866092988541,22777.0,0.5561970408745665
micro avg,0.5561970408745665,0.5561970408745665,0.5561970408745665,45554.0,0.5561970408745665
weighted avg,0.5524739179736154,0.5581315045359887,0.5561970408745665,45554.0,0.5561970408745665
