,f1-score,precision,recall,support,accuracy
macro avg,0.28728813559322036,0.24203142536475872,0.3580952380952381,525.0,0.3580952380952381
micro avg,0.358095238095238,0.3580952380952381,0.3580952380952381,525.0,0.3580952380952381
r12,0.461864406779661,0.367003367003367,0.6228571428571429,175.0,0.3580952380952381
r3,0.4,0.35909090909090907,0.4514285714285714,175.0,0.3580952380952381
r45,0.0,0.0,0.0,175.0,0.3580952380952381
weighted avg,0.28728813559322036,0.24203142536475866,0.3580952380952381,525.0,0.3580952380952381
