,f1-score,precision,recall,support,roc,accuracy
a17-22,0.5212765957446809,0.5051546391752577,0.5384615384615384,91.0,0.7064992150706436,0.4774436090225564
a25-29,0.42487046632124353,0.40594059405940597,0.44565217391304346,92.0,0.5489130434782609,0.4774436090225564
a31-46,0.49006622516556286,0.5441176470588235,0.4457831325301205,83.0,0.7109750477319112,0.4774436090225564
micro avg,0.4774436090225564,0.4774436090225564,0.4774436090225564,266.0,0.6584021895337585,0.4774436090225564
macro avg,0.4787377624104958,0.4850709600978291,0.47663228163490085,266.0,0.6584021895337585,0.4774436090225564
weighted avg,0.4781945481318124,0.48299763730938394,0.4774436090225564,266.0,0.6584021895337585,0.4774436090225564
