,f1-score,precision,recall,support,roc,accuracy
CO,0.4099685863874346,0.5536199095022625,0.32550714998337216,15035.0,0.7476339084930691,0.5883870834024209
N,0.3612918490476754,0.5902589872439119,0.26031367200818273,5866.0,0.767079966694479,0.5883870834024209
NE,0.5163355985363304,0.6306967834623673,0.4370816969965153,18079.0,0.7973290277341658,0.5883870834024209
S,0.35951056729699665,0.6045641601197157,0.2558176349533006,12634.0,0.7450935874180354,0.5883870834024209
SE,0.6999179128448552,0.5837128315028127,0.873891537810258,44882.0,0.7532793053356497,0.5883870834024209
micro avg,0.5883870834024209,0.5883870834024209,0.5883870834024209,96496.0,0.7620903421180957,0.5883870834024209
macro avg,0.4694049028226585,0.592570534366214,0.4305223383503257,96496.0,0.7620903421180957,0.5883870834024209
weighted avg,0.5551921244437086,0.5909546987358769,0.5883870834024209,96496.0,0.7620903421180957,0.5883870834024209
