,f1-score,precision,recall,support,accuracy
CO,0.0,0.0,0.0,15035.0,0.0607900845630907
N,0.11461284461030462,0.0607900845630907,1.0,5866.0,0.0607900845630907
NE,0.0,0.0,0.0,18079.0,0.0607900845630907
S,0.0,0.0,0.0,12634.0,0.0607900845630907
SE,0.0,0.0,0.0,44882.0,0.0607900845630907
micro avg,0.0607900845630907,0.0607900845630907,0.0607900845630907,96496.0,0.0607900845630907
macro avg,0.022922568922060925,0.01215801691261814,0.2,96496.0,0.0607900845630907
weighted avg,0.006967324515876792,0.003695434381187718,0.0607900845630907,96496.0,0.0607900845630907
