,f1-score,precision,recall,support,accuracy
academic,0.43033509700176364,0.4674329501915709,0.39869281045751637,306.0,0.352124183006536
private,0.2936630602782071,0.2785923753665689,0.3104575163398693,306.0,0.352124183006536
public,0.41831683168316836,0.33665338645418325,0.5522875816993464,306.0,0.352124183006536
self,0.21126760563380279,0.375,0.14705882352941177,306.0,0.352124183006536
micro avg,0.352124183006536,0.352124183006536,0.352124183006536,1224.0,0.352124183006536
macro avg,0.3383956486492355,0.3644196780030807,0.3521241830065359,1224.0,0.352124183006536
weighted avg,0.33839564864923544,0.3644196780030808,0.352124183006536,1224.0,0.352124183006536
