,f1-score,precision,recall,support,accuracy
academic,0.5172465060957478,0.519538055652347,0.514975082646667,20267.0,0.4652883998618444
macro avg,0.46102859544054015,0.45907484920363695,0.46528839986184434,81068.0,0.4652883998618444
micro avg,0.4652883998618444,0.4652883998618444,0.4652883998618444,81068.0,0.4652883998618444
private,0.3093389410115389,0.3409806835066865,0.28307100212167563,20267.0,0.4652883998618444
public,0.49897740784780026,0.48161410274066935,0.517639512508018,20267.0,0.4652883998618444
self,0.5185515268070735,0.4941665549148451,0.5454680021710169,20267.0,0.4652883998618444
weighted avg,0.4610285954405401,0.45907484920363706,0.4652883998618444,81068.0,0.4652883998618444
