,f1-score,precision,recall,support,accuracy
academic,0.4795964423204567,0.5191401310495459,0.4456505649578132,20267.0,0.4304164405190704
macro avg,0.42277749256374586,0.4293417453753371,0.43041644051907046,81068.0,0.4304164405190704
micro avg,0.4304164405190704,0.4304164405190704,0.4304164405190704,81068.0,0.4304164405190704
private,0.2750496901671928,0.33739691645751163,0.23215078699363498,20267.0,0.4304164405190704
public,0.4740324114350456,0.4017489711934156,0.5780332560319732,20267.0,0.4304164405190704
self,0.4624314263322884,0.4590809628008753,0.4658311540928603,20267.0,0.4304164405190704
weighted avg,0.4227774925637459,0.4293417453753371,0.4304164405190704,81068.0,0.4304164405190704
