,f1-score,precision,recall,support,roc,accuracy
no,0.7632850241545893,0.7214611872146118,0.8102564102564103,390.0,0.23555490311215502,0.6993865030674846
yes,0.588235294117647,0.6542056074766355,0.5343511450381679,262.0,0.7644450968878449,0.6993865030674846
micro avg,0.6993865030674846,0.6993865030674846,0.6993865030674846,652.0,0.5022019964768056,0.6993865030674846
macro avg,0.6757601591361182,0.6878333973456237,0.6723037776472891,652.0,0.5022019964768056,0.6993865030674846
weighted avg,0.6929429547225664,0.69443517204383,0.6993865030674846,652.0,0.5022019964768056,0.6993865030674846
