,f1-score,precision,recall,support,accuracy
a17-30,0.4397551546391753,0.48104785026235414,0.40499109909672315,30334.0,0.4562427199402211
a31-42,0.37841216920191706,0.36826506099273076,0.38913430474055516,30334.0,0.4562427199402211
a43-99,0.5468664208957564,0.5216844751728472,0.574602755983385,30334.0,0.4562427199402211
macro avg,0.4550112482456163,0.4569991288093107,0.4562427199402211,91002.0,0.4562427199402211
micro avg,0.4562427199402211,0.4562427199402211,0.4562427199402211,91002.0,0.4562427199402211
weighted avg,0.45501124824561623,0.45699912880931065,0.4562427199402211,91002.0,0.4562427199402211
