,f1-score,precision,recall,support,accuracy
a17-22,0.5208333333333334,0.5,0.5434782608695652,92.0,0.48188405797101447
a25-29,0.42051282051282046,0.39805825242718446,0.44565217391304346,92.0,0.48188405797101447
a31-46,0.509090909090909,0.5753424657534246,0.45652173913043476,92.0,0.48188405797101447
macro avg,0.48347902097902096,0.4911335727268697,0.48188405797101447,276.0,0.48188405797101447
micro avg,0.48188405797101447,0.48188405797101447,0.48188405797101447,276.0,0.48188405797101447
weighted avg,0.483479020979021,0.4911335727268697,0.48188405797101447,276.0,0.48188405797101447
