,f1-score,precision,recall,support,accuracy
a10-25,0.48808988764044947,0.3856534090909091,0.6646266829865362,817.0,0.3875968992248062
a26-40,0.2185886402753873,0.3681159420289855,0.1554467564259486,817.0,0.3875968992248062
a40+,0.36963696369636967,0.40114613180515757,0.3427172582619339,817.0,0.3875968992248062
micro avg,0.3875968992248062,0.3875968992248062,0.3875968992248062,2451.0,0.3875968992248062
macro avg,0.35877183053740214,0.3849718276416841,0.3875968992248062,2451.0,0.3875968992248062
weighted avg,0.35877183053740214,0.3849718276416841,0.3875968992248062,2451.0,0.3875968992248062
