,f1-score,precision,recall,support,roc,accuracy
no,0.7579462102689487,0.7242990654205608,0.7948717948717948,390.0,0.23365629281659814,0.696319018404908
yes,0.5925925925925927,0.6428571428571429,0.549618320610687,262.0,0.7663437071834018,0.696319018404908
micro avg,0.696319018404908,0.696319018404908,0.696319018404908,652.0,0.5020184967704051,0.696319018404908
macro avg,0.6752694014307707,0.6835781041388518,0.6722450577412409,652.0,0.5020184967704051,0.696319018404908
weighted avg,0.691500431386732,0.6915724032861812,0.696319018404908,652.0,0.5020184967704051,0.696319018404908
